,email_id,campaign_id,send_date,open_rate,click_rate,unsubscribes,conversion_rate,revenue_generated,revenue_per_email,click_to_open_ratio
0,E0001,CAMPAIGN_1,2024-01-01,0.34,0.2,2,0.13,109.23,109.23,0.59
1,E0002,CAMPAIGN_2,2024-01-02,0.17,0.14,0,0.17,141.73,141.73,0.82
2,E0003,CAMPAIGN_3,2024-01-03,0.34,0.13,4,0.15,68.03,68.03,0.38
3,E0004,CAMPAIGN_4,2024-01-04,0.59,0.19,3,0.08,150.45,150.45,0.32
4,E0005,CAMPAIGN_5,2024-01-05,0.59,0.36,2,0.14,464.78,464.78,0.61
5,E0006,CAMPAIGN_1,2024-01-06,0.34,0.28,1,0.14,87.19,87.19,0.82
6,E0007,CAMPAIGN_2,2024-01-07,0.5,0.09,1,0.12,452.71,452.71,0.18
7,E0008,CAMPAIGN_3,2024-01-08,0.18,0.12,2,0.06,342.37,342.37,0.67
8,E0009,CAMPAIGN_4,2024-01-09,0.53,0.17,1,0.06,468.79,468.79,0.32
9,E0010,CAMPAIGN_5,2024-01-10,0.49,0.17,2,0.3,134.85,134.85,0.35
10,E0011,CAMPAIGN_1,2024-01-11,0.53,0.34,4,0.24,252.41,252.41,0.64
11,E0012,CAMPAIGN_2,2024-01-12,0.31,0.19,2,0.3,290.65,290.65,0.61
12,E0013,CAMPAIGN_3,2024-01-13,0.58,0.16,1,0.2,139.06,139.06,0.28
13,E0014,CAMPAIGN_4,2024-01-14,0.1,0.08,4,0.09,285.82,285.82,0.8
14,E0015,CAMPAIGN_5,2024-01-15,0.25,0.07,4,0.26,139.88,139.88,0.28
15,E0016,CAMPAIGN_1,2024-01-16,0.58,0.12,2,0.27,197.43,197.43,0.21
16,E0017,CAMPAIGN_2,2024-01-17,0.17,0.05,2,0.14,445.2,445.2,0.29
17,E0018,CAMPAIGN_3,2024-01-18,0.47,0.18,0,0.16,52.19,52.19,0.38
18,E0019,CAMPAIGN_4,2024-01-19,0.51,0.18,3,0.01,273.52,273.52,0.35
19,E0020,CAMPAIGN_5,2024-01-20,0.37,0.06,2,0.07,38.89,38.89,0.16
20,E0021,CAMPAIGN_1,2024-01-21,0.29,0.19,3,0.04,308.99,308.99,0.66
21,E0022,CAMPAIGN_2,2024-01-22,0.48,0.16,2,0.18,67.66,67.66,0.33
22,E0023,CAMPAIGN_3,2024-01-23,0.56,0.23,2,0.18,456.19,456.19,0.41
23,E0024,CAMPAIGN_4,2024-01-24,0.4,0.34,3,0.2,351.37,351.37,0.85
24,E0025,CAMPAIGN_5,2024-01-25,0.52,0.2,2,0.12,63.08,63.08,0.38
25,E0026,CAMPAIGN_1,2024-01-26,0.39,0.06,0,0.21,71.55,71.55,0.15
26,E0027,CAMPAIGN_2,2024-01-27,0.54,0.11,0,0.26,220.55,220.55,0.2
27,E0028,CAMPAIGN_3,2024-01-28,0.56,0.27,0,0.17,40.65,40.65,0.48
28,E0029,CAMPAIGN_4,2024-01-29,0.3,0.36,1,0.04,39.55,39.55,1.2
29,E0030,CAMPAIGN_5,2024-01-30,0.37,0.23,2,0.2,70.32,70.32,0.62
30,E0031,CAMPAIGN_1,2024-01-31,0.15,0.11,2,0.2,430.47,430.47,0.73
31,E0032,CAMPAIGN_2,2024-02-01,0.28,0.06,4,0.05,381.31,381.31,0.21
32,E0033,CAMPAIGN_3,2024-02-02,0.46,0.25,1,0.02,430.75,430.75,0.54
33,E0034,CAMPAIGN_4,2024-02-03,0.51,0.22,0,0.3,75.6,75.6,0.43
34,E0035,CAMPAIGN_5,2024-02-04,0.43,0.28,3,0.07,391.75,391.75,0.65
35,E0036,CAMPAIGN_1,2024-02-05,0.34,0.21,1,0.06,251.48,251.48,0.62
36,E0037,CAMPAIGN_2,2024-02-06,0.39,0.11,0,0.13,245.09,245.09,0.28
37,E0038,CAMPAIGN_3,2024-02-07,0.25,0.09,0,0.26,178.87,178.87,0.36
38,E0039,CAMPAIGN_4,2024-02-08,0.41,0.25,1,0.21,311.46,311.46,0.61
39,E0040,CAMPAIGN_5,2024-02-09,0.4,0.19,2,0.24,73.57,73.57,0.48
40,E0041,CAMPAIGN_1,2024-02-10,0.21,0.1,0,0.03,391.92,391.92,0.48
41,E0042,CAMPAIGN_2,2024-02-11,0.14,0.27,1,0.2,24.04,24.04,1.93
42,E0043,CAMPAIGN_3,2024-02-12,0.13,0.38,1,0.04,93.02,93.02,2.92
43,E0044,CAMPAIGN_4,2024-02-13,0.52,0.25,2,0.1,347.13,347.13,0.48
44,E0045,CAMPAIGN_5,2024-02-14,0.59,0.32,2,0.04,176.68,176.68,0.54
45,E0046,CAMPAIGN_1,2024-02-15,0.29,0.28,1,0.05,224.16,224.16,0.97
46,E0047,CAMPAIGN_2,2024-02-16,0.1,0.19,2,0.18,12.69,12.69,1.9
47,E0048,CAMPAIGN_3,2024-02-17,0.34,0.38,1,0.21,212.09,212.09,1.12
48,E0049,CAMPAIGN_4,2024-02-18,0.13,0.08,1,0.25,104.57,104.57,0.62
49,E0050,CAMPAIGN_5,2024-02-19,0.27,0.08,0,0.05,84.31,84.31,0.3
50,E0051,CAMPAIGN_1,2024-02-20,0.26,0.14,3,0.09,271.18,271.18,0.54
51,E0052,CAMPAIGN_2,2024-02-21,0.4,0.25,0,0.22,124.7,124.7,0.62
52,E0053,CAMPAIGN_3,2024-02-22,0.51,0.21,4,0.15,437.93,437.93,0.41
53,E0054,CAMPAIGN_4,2024-02-23,0.42,0.09,2,0.06,185.83,185.83,0.21
54,E0055,CAMPAIGN_5,2024-02-24,0.13,0.2,1,0.07,260.41,260.41,1.54
55,E0056,CAMPAIGN_1,2024-02-25,0.52,0.29,0,0.18,357.98,357.98,0.56
56,E0057,CAMPAIGN_2,2024-02-26,0.5,0.32,3,0.07,80.8,80.8,0.64
57,E0058,CAMPAIGN_3,2024-02-27,0.35,0.22,4,0.01,73.56,73.56,0.63
58,E0059,CAMPAIGN_4,2024-02-28,0.27,0.38,3,0.15,345.01,345.01,1.41
59,E0060,CAMPAIGN_5,2024-02-29,0.26,0.23,3,0.28,229.29,229.29,0.88
60,E0061,CAMPAIGN_1,2024-03-01,0.49,0.24,0,0.22,393.51,393.51,0.49
61,E0062,CAMPAIGN_2,2024-03-02,0.31,0.21,0,0.24,50.61,50.61,0.68
62,E0063,CAMPAIGN_3,2024-03-03,0.27,0.32,1,0.14,191.1,191.1,1.19
63,E0064,CAMPAIGN_4,2024-03-04,0.32,0.39,4,0.18,459.52,459.52,1.22
64,E0065,CAMPAIGN_5,2024-03-05,0.54,0.38,4,0.26,369.23,369.23,0.7
65,E0066,CAMPAIGN_1,2024-03-06,0.18,0.23,4,0.16,439.2,439.2,1.28
66,E0067,CAMPAIGN_2,2024-03-07,0.23,0.21,1,0.01,106.56,106.56,0.91
67,E0068,CAMPAIGN_3,2024-03-08,0.2,0.23,3,0.05,185.05,185.05,1.15
68,E0069,CAMPAIGN_4,2024-03-09,0.21,0.07,3,0.17,440.33,440.33,0.33
69,E0070,CAMPAIGN_5,2024-03-10,0.35,0.09,4,0.01,159.09,159.09,0.26
70,E0071,CAMPAIGN_1,2024-03-11,0.31,0.22,1,0.28,126.32,126.32,0.71
71,E0072,CAMPAIGN_2,2024-03-12,0.3,0.31,1,0.18,157.89,157.89,1.03
72,E0073,CAMPAIGN_3,2024-03-13,0.16,0.06,2,0.21,248.82,248.82,0.38
73,E0074,CAMPAIGN_4,2024-03-14,0.45,0.27,4,0.14,199.01,199.01,0.6
74,E0075,CAMPAIGN_5,2024-03-15,0.11,0.07,0,0.29,285.84,285.84,0.64
75,E0076,CAMPAIGN_1,2024-03-16,0.21,0.07,4,0.25,21.44,21.44,0.33
76,E0077,CAMPAIGN_2,2024-03-17,0.1,0.29,3,0.16,325.25,325.25,2.9
77,E0078,CAMPAIGN_3,2024-03-18,0.33,0.4,2,0.2,276.0,276.0,1.21
78,E0079,CAMPAIGN_4,2024-03-19,0.12,0.16,4,0.24,376.22,376.22,1.33
79,E0080,CAMPAIGN_5,2024-03-20,0.25,0.21,2,0.21,16.88,16.88,0.84
80,E0081,CAMPAIGN_1,2024-03-21,0.6,0.31,0,0.22,64.43,64.43,0.52
81,E0082,CAMPAIGN_2,2024-03-22,0.22,0.36,1,0.07,187.32,187.32,1.64
82,E0083,CAMPAIGN_3,2024-03-23,0.54,0.1,0,0.24,195.96,195.96,0.19
83,E0084,CAMPAIGN_4,2024-03-24,0.6,0.32,2,0.29,334.49,334.49,0.53
84,E0085,CAMPAIGN_5,2024-03-25,0.45,0.27,2,0.21,481.5,481.5,0.6
85,E0086,CAMPAIGN_1,2024-03-26,0.52,0.16,3,0.23,119.11,119.11,0.31
86,E0087,CAMPAIGN_2,2024-03-27,0.45,0.32,4,0.19,375.59,375.59,0.71
87,E0088,CAMPAIGN_3,2024-03-28,0.24,0.1,2,0.11,227.46,227.46,0.42
88,E0089,CAMPAIGN_4,2024-03-29,0.26,0.1,0,0.04,206.09,206.09,0.38
89,E0090,CAMPAIGN_5,2024-03-30,0.11,0.38,3,0.28,164.36,164.36,3.45
90,E0091,CAMPAIGN_1,2024-03-31,0.43,0.13,2,0.16,303.93,303.93,0.3
91,E0092,CAMPAIGN_2,2024-04-01,0.2,0.25,0,0.15,159.6,159.6,1.25
92,E0093,CAMPAIGN_3,2024-04-02,0.18,0.2,0,0.2,31.83,31.83,1.11
93,E0094,CAMPAIGN_4,2024-04-03,0.56,0.29,2,0.02,148.46,148.46,0.52
94,E0095,CAMPAIGN_5,2024-04-04,0.16,0.3,2,0.17,409.97,409.97,1.88
95,E0096,CAMPAIGN_1,2024-04-05,0.36,0.34,4,0.3,398.43,398.43,0.94
96,E0097,CAMPAIGN_2,2024-04-06,0.22,0.06,3,0.11,182.98,182.98,0.27
97,E0098,CAMPAIGN_3,2024-04-07,0.42,0.08,0,0.26,143.62,143.62,0.19
98,E0099,CAMPAIGN_4,2024-04-08,0.4,0.24,1,0.15,119.5,119.5,0.6
99,E0100,CAMPAIGN_5,2024-04-09,0.44,0.12,3,0.28,125.42,125.42,0.27
100,E0101,CAMPAIGN_1,2024-04-10,0.25,0.32,3,0.14,289.19,289.19,1.28
101,E0102,CAMPAIGN_2,2024-04-11,0.21,0.14,1,0.18,356.31,356.31,0.67
102,E0103,CAMPAIGN_3,2024-04-12,0.58,0.09,0,0.09,224.62,224.62,0.16
103,E0104,CAMPAIGN_4,2024-04-13,0.1,0.18,4,0.15,404.25,404.25,1.8
104,E0105,CAMPAIGN_5,2024-04-14,0.49,0.23,1,0.2,446.32,446.32,0.47
105,E0106,CAMPAIGN_1,2024-04-15,0.26,0.08,4,0.22,297.6,297.6,0.31
106,E0107,CAMPAIGN_2,2024-04-16,0.28,0.15,2,0.05,149.24,149.24,0.54
107,E0108,CAMPAIGN_3,2024-04-17,0.27,0.13,0,0.15,293.58,293.58,0.48
108,E0109,CAMPAIGN_4,2024-04-18,0.41,0.28,3,0.11,256.62,256.62,0.68
109,E0110,CAMPAIGN_5,2024-04-19,0.27,0.22,2,0.06,77.93,77.93,0.81
110,E0111,CAMPAIGN_1,2024-04-20,0.39,0.1,1,0.18,131.0,131.0,0.26
111,E0112,CAMPAIGN_2,2024-04-21,0.17,0.21,2,0.28,474.42,474.42,1.24
112,E0113,CAMPAIGN_3,2024-04-22,0.22,0.33,4,0.1,423.84,423.84,1.5
113,E0114,CAMPAIGN_4,2024-04-23,0.58,0.16,0,0.22,185.06,185.06,0.28
114,E0115,CAMPAIGN_5,2024-04-24,0.4,0.06,1,0.24,158.81,158.81,0.15
115,E0116,CAMPAIGN_1,2024-04-25,0.31,0.07,4,0.01,416.66,416.66,0.23
116,E0117,CAMPAIGN_2,2024-04-26,0.55,0.15,2,0.06,85.46,85.46,0.27
117,E0118,CAMPAIGN_3,2024-04-27,0.6,0.36,4,0.23,149.55,149.55,0.6
118,E0119,CAMPAIGN_4,2024-04-28,0.46,0.28,2,0.15,354.51,354.51,0.61
119,E0120,CAMPAIGN_5,2024-04-29,0.22,0.26,1,0.15,173.06,173.06,1.18
120,E0121,CAMPAIGN_1,2024-04-30,0.33,0.22,4,0.24,474.73,474.73,0.67
121,E0122,CAMPAIGN_2,2024-05-01,0.31,0.06,2,0.22,298.0,298.0,0.19
122,E0123,CAMPAIGN_3,2024-05-02,0.21,0.39,3,0.26,492.6,492.6,1.86
123,E0124,CAMPAIGN_4,2024-05-03,0.56,0.39,3,0.23,411.79,411.79,0.7
124,E0125,CAMPAIGN_5,2024-05-04,0.58,0.29,2,0.04,390.56,390.56,0.5
125,E0126,CAMPAIGN_1,2024-05-05,0.42,0.37,2,0.01,292.0,292.0,0.88
126,E0127,CAMPAIGN_2,2024-05-06,0.4,0.07,3,0.01,89.29,89.29,0.18
127,E0128,CAMPAIGN_3,2024-05-07,0.15,0.4,3,0.11,407.4,407.4,2.67
128,E0129,CAMPAIGN_4,2024-05-08,0.19,0.22,2,0.07,214.39,214.39,1.16
129,E0130,CAMPAIGN_5,2024-05-09,0.38,0.37,4,0.23,272.55,272.55,0.97
130,E0131,CAMPAIGN_1,2024-05-10,0.54,0.38,2,0.16,469.03,469.03,0.7
131,E0132,CAMPAIGN_2,2024-05-11,0.48,0.16,3,0.11,336.68,336.68,0.33
132,E0133,CAMPAIGN_3,2024-05-12,0.2,0.23,1,0.21,279.35,279.35,1.15
133,E0134,CAMPAIGN_4,2024-05-13,0.18,0.18,1,0.14,242.45,242.45,1.0
134,E0135,CAMPAIGN_5,2024-05-14,0.56,0.06,0,0.09,116.51,116.51,0.11
135,E0136,CAMPAIGN_1,2024-05-15,0.47,0.35,3,0.22,202.14,202.14,0.74
136,E0137,CAMPAIGN_2,2024-05-16,0.35,0.21,3,0.24,303.69,303.69,0.6
137,E0138,CAMPAIGN_3,2024-05-17,0.43,0.4,0,0.08,482.72,482.72,0.93
138,E0139,CAMPAIGN_4,2024-05-18,0.18,0.11,4,0.11,134.88,134.88,0.61
139,E0140,CAMPAIGN_5,2024-05-19,0.35,0.34,1,0.16,81.6,81.6,0.97
140,E0141,CAMPAIGN_1,2024-05-20,0.3,0.1,3,0.14,391.5,391.5,0.33
141,E0142,CAMPAIGN_2,2024-05-21,0.51,0.19,1,0.19,412.69,412.69,0.37
142,E0143,CAMPAIGN_3,2024-05-22,0.28,0.26,2,0.04,432.58,432.58,0.93
143,E0144,CAMPAIGN_4,2024-05-23,0.55,0.25,0,0.19,200.61,200.61,0.45
144,E0145,CAMPAIGN_5,2024-05-24,0.51,0.22,2,0.21,126.74,126.74,0.43
145,E0146,CAMPAIGN_1,2024-05-25,0.32,0.13,1,0.02,393.13,393.13,0.41
146,E0147,CAMPAIGN_2,2024-05-26,0.44,0.32,1,0.21,446.47,446.47,0.73
147,E0148,CAMPAIGN_3,2024-05-27,0.53,0.36,2,0.18,221.87,221.87,0.68
148,E0149,CAMPAIGN_4,2024-05-28,0.17,0.4,3,0.06,491.5,491.5,2.35
149,E0150,CAMPAIGN_5,2024-05-29,0.28,0.24,2,0.28,430.35,430.35,0.86
150,E0151,CAMPAIGN_1,2024-05-30,0.34,0.23,4,0.19,453.93,453.93,0.68
151,E0152,CAMPAIGN_2,2024-05-31,0.31,0.25,3,0.26,307.72,307.72,0.81
152,E0153,CAMPAIGN_3,2024-06-01,0.32,0.15,2,0.26,256.06,256.06,0.47
153,E0154,CAMPAIGN_4,2024-06-02,0.53,0.25,2,0.07,407.89,407.89,0.47
154,E0155,CAMPAIGN_5,2024-06-03,0.22,0.31,3,0.28,164.89,164.89,1.41
155,E0156,CAMPAIGN_1,2024-06-04,0.37,0.2,3,0.24,347.77,347.77,0.54
156,E0157,CAMPAIGN_2,2024-06-05,0.11,0.12,2,0.13,274.93,274.93,1.09
157,E0158,CAMPAIGN_3,2024-06-06,0.58,0.25,2,0.2,202.57,202.57,0.43
158,E0159,CAMPAIGN_4,2024-06-07,0.58,0.17,2,0.17,447.92,447.92,0.29
159,E0160,CAMPAIGN_5,2024-06-08,0.15,0.23,2,0.25,456.69,456.69,1.53
160,E0161,CAMPAIGN_1,2024-06-09,0.51,0.31,2,0.21,88.51,88.51,0.61
161,E0162,CAMPAIGN_2,2024-06-10,0.35,0.06,2,0.04,273.75,273.75,0.17
162,E0163,CAMPAIGN_3,2024-06-11,0.57,0.09,3,0.29,172.34,172.34,0.16
163,E0164,CAMPAIGN_4,2024-06-12,0.22,0.33,2,0.21,495.34,495.34,1.5
164,E0165,CAMPAIGN_5,2024-06-13,0.55,0.18,2,0.17,39.0,39.0,0.33
165,E0166,CAMPAIGN_1,2024-06-14,0.27,0.33,3,0.08,444.05,444.05,1.22
166,E0167,CAMPAIGN_2,2024-06-15,0.45,0.25,4,0.09,228.11,228.11,0.56
167,E0168,CAMPAIGN_3,2024-06-16,0.16,0.34,1,0.04,173.45,173.45,2.12
168,E0169,CAMPAIGN_4,2024-06-17,0.44,0.31,2,0.15,163.0,163.0,0.7
169,E0170,CAMPAIGN_5,2024-06-18,0.18,0.11,1,0.03,339.86,339.86,0.61
170,E0171,CAMPAIGN_1,2024-06-19,0.16,0.19,1,0.05,252.47,252.47,1.19
171,E0172,CAMPAIGN_2,2024-06-20,0.15,0.11,0,0.12,234.08,234.08,0.73
172,E0173,CAMPAIGN_3,2024-06-21,0.58,0.31,3,0.13,495.94,495.94,0.53
173,E0174,CAMPAIGN_4,2024-06-22,0.49,0.13,2,0.15,48.26,48.26,0.27
174,E0175,CAMPAIGN_5,2024-06-23,0.6,0.09,3,0.08,389.74,389.74,0.15
175,E0176,CAMPAIGN_1,2024-06-24,0.27,0.12,1,0.19,64.28,64.28,0.44
176,E0177,CAMPAIGN_2,2024-06-25,0.14,0.19,1,0.17,365.21,365.21,1.36
177,E0178,CAMPAIGN_3,2024-06-26,0.25,0.33,2,0.19,385.95,385.95,1.32
178,E0179,CAMPAIGN_4,2024-06-27,0.39,0.16,0,0.03,209.89,209.89,0.41
179,E0180,CAMPAIGN_5,2024-06-28,0.17,0.33,2,0.18,319.88,319.88,1.94
180,E0181,CAMPAIGN_1,2024-06-29,0.28,0.3,1,0.01,258.08,258.08,1.07
181,E0182,CAMPAIGN_2,2024-06-30,0.5,0.19,0,0.13,17.11,17.11,0.38
182,E0183,CAMPAIGN_3,2024-07-01,0.49,0.13,3,0.21,403.99,403.99,0.27
183,E0184,CAMPAIGN_4,2024-07-02,0.35,0.08,2,0.17,38.48,38.48,0.23
184,E0185,CAMPAIGN_5,2024-07-03,0.59,0.1,2,0.05,465.37,465.37,0.17
185,E0186,CAMPAIGN_1,2024-07-04,0.48,0.3,4,0.22,109.81,109.81,0.62
186,E0187,CAMPAIGN_2,2024-07-05,0.53,0.1,1,0.06,246.59,246.59,0.19
187,E0188,CAMPAIGN_3,2024-07-06,0.24,0.05,4,0.28,498.14,498.14,0.21
188,E0189,CAMPAIGN_4,2024-07-07,0.39,0.08,2,0.03,420.53,420.53,0.21
189,E0190,CAMPAIGN_5,2024-07-08,0.56,0.33,1,0.26,497.39,497.39,0.59
190,E0191,CAMPAIGN_1,2024-07-09,0.39,0.12,3,0.19,256.29,256.29,0.31
191,E0192,CAMPAIGN_2,2024-07-10,0.49,0.1,3,0.2,463.61,463.61,0.2
192,E0193,CAMPAIGN_3,2024-07-11,0.15,0.26,0,0.15,447.44,447.44,1.73
193,E0194,CAMPAIGN_4,2024-07-12,0.52,0.14,3,0.19,304.02,304.02,0.27
194,E0195,CAMPAIGN_5,2024-07-13,0.33,0.36,0,0.02,426.91,426.91,1.09
195,E0196,CAMPAIGN_1,2024-07-14,0.39,0.35,1,0.11,201.9,201.9,0.9
196,E0197,CAMPAIGN_2,2024-07-15,0.14,0.39,3,0.28,313.32,313.32,2.79
197,E0198,CAMPAIGN_3,2024-07-16,0.19,0.31,1,0.15,87.52,87.52,1.63
198,E0199,CAMPAIGN_4,2024-07-17,0.33,0.25,4,0.23,243.07,243.07,0.76
199,E0200,CAMPAIGN_5,2024-07-18,0.41,0.33,1,0.16,382.77,382.77,0.8
200,E0201,CAMPAIGN_1,2024-07-19,0.28,0.39,3,0.03,92.24,92.24,1.39
201,E0202,CAMPAIGN_2,2024-07-20,0.4,0.39,3,0.19,65.06,65.06,0.98
202,E0203,CAMPAIGN_3,2024-07-21,0.43,0.37,3,0.03,406.66,406.66,0.86
203,E0204,CAMPAIGN_4,2024-07-22,0.1,0.15,4,0.16,198.98,198.98,1.5
204,E0205,CAMPAIGN_5,2024-07-23,0.2,0.11,0,0.17,361.31,361.31,0.55
205,E0206,CAMPAIGN_1,2024-07-24,0.57,0.2,3,0.23,122.1,122.1,0.35
206,E0207,CAMPAIGN_2,2024-07-25,0.3,0.37,3,0.22,352.2,352.2,1.23
207,E0208,CAMPAIGN_3,2024-07-26,0.16,0.11,4,0.1,237.19,237.19,0.69
208,E0209,CAMPAIGN_4,2024-07-27,0.14,0.24,3,0.18,316.48,316.48,1.71
209,E0210,CAMPAIGN_5,2024-07-28,0.33,0.39,1,0.08,349.65,349.65,1.18
210,E0211,CAMPAIGN_1,2024-07-29,0.52,0.35,2,0.01,219.7,219.7,0.67
211,E0212,CAMPAIGN_2,2024-07-30,0.54,0.39,3,0.22,90.73,90.73,0.72
212,E0213,CAMPAIGN_3,2024-07-31,0.25,0.05,4,0.28,485.86,485.86,0.2
213,E0214,CAMPAIGN_4,2024-08-01,0.17,0.36,1,0.12,350.26,350.26,2.12
214,E0215,CAMPAIGN_5,2024-08-02,0.26,0.29,4,0.25,268.23,268.23,1.12
215,E0216,CAMPAIGN_1,2024-08-03,0.14,0.24,3,0.14,250.52,250.52,1.71
216,E0217,CAMPAIGN_2,2024-08-04,0.58,0.26,2,0.19,42.51,42.51,0.45
217,E0218,CAMPAIGN_3,2024-08-05,0.15,0.13,0,0.14,368.11,368.11,0.87
218,E0219,CAMPAIGN_4,2024-08-06,0.44,0.26,2,0.08,477.39,477.39,0.59
219,E0220,CAMPAIGN_5,2024-08-07,0.19,0.27,0,0.16,345.16,345.16,1.42
220,E0221,CAMPAIGN_1,2024-08-08,0.33,0.29,0,0.27,438.25,438.25,0.88
221,E0222,CAMPAIGN_2,2024-08-09,0.24,0.24,0,0.11,187.5,187.5,1.0
222,E0223,CAMPAIGN_3,2024-08-10,0.4,0.23,0,0.16,88.85,88.85,0.57
223,E0224,CAMPAIGN_4,2024-08-11,0.47,0.26,2,0.02,217.3,217.3,0.55
224,E0225,CAMPAIGN_5,2024-08-12,0.34,0.13,3,0.04,403.32,403.32,0.38
225,E0226,CAMPAIGN_1,2024-08-13,0.19,0.15,4,0.28,133.32,133.32,0.79
226,E0227,CAMPAIGN_2,2024-08-14,0.25,0.26,1,0.16,216.88,216.88,1.04
227,E0228,CAMPAIGN_3,2024-08-15,0.26,0.18,4,0.18,442.88,442.88,0.69
228,E0229,CAMPAIGN_4,2024-08-16,0.47,0.14,2,0.13,265.07,265.07,0.3
229,E0230,CAMPAIGN_5,2024-08-17,0.56,0.36,4,0.08,417.57,417.57,0.64
230,E0231,CAMPAIGN_1,2024-08-18,0.58,0.3,2,0.3,441.45,441.45,0.52
231,E0232,CAMPAIGN_2,2024-08-19,0.59,0.07,1,0.07,451.91,451.91,0.12
232,E0233,CAMPAIGN_3,2024-08-20,0.57,0.36,2,0.26,197.82,197.82,0.63
233,E0234,CAMPAIGN_4,2024-08-21,0.46,0.36,1,0.25,284.66,284.66,0.78
234,E0235,CAMPAIGN_5,2024-08-22,0.31,0.14,4,0.22,16.48,16.48,0.45
235,E0236,CAMPAIGN_1,2024-08-23,0.19,0.13,3,0.22,307.59,307.59,0.68
236,E0237,CAMPAIGN_2,2024-08-24,0.29,0.11,4,0.13,400.39,400.39,0.38
237,E0238,CAMPAIGN_3,2024-08-25,0.44,0.05,2,0.07,277.6,277.6,0.11
238,E0239,CAMPAIGN_4,2024-08-26,0.6,0.07,0,0.3,86.31,86.31,0.12
239,E0240,CAMPAIGN_5,2024-08-27,0.22,0.26,2,0.1,22.68,22.68,1.18
240,E0241,CAMPAIGN_1,2024-08-28,0.53,0.39,3,0.03,12.81,12.81,0.74
241,E0242,CAMPAIGN_2,2024-08-29,0.11,0.17,1,0.22,61.16,61.16,1.55
242,E0243,CAMPAIGN_3,2024-08-30,0.34,0.28,4,0.26,221.05,221.05,0.82
243,E0244,CAMPAIGN_4,2024-08-31,0.25,0.14,4,0.17,334.69,334.69,0.56
244,E0245,CAMPAIGN_5,2024-09-01,0.32,0.06,2,0.04,201.87,201.87,0.19
245,E0246,CAMPAIGN_1,2024-09-02,0.29,0.19,1,0.25,329.38,329.38,0.66
246,E0247,CAMPAIGN_2,2024-09-03,0.16,0.22,0,0.14,42.79,42.79,1.38
247,E0248,CAMPAIGN_3,2024-09-04,0.44,0.26,0,0.13,282.43,282.43,0.59
248,E0249,CAMPAIGN_4,2024-09-05,0.12,0.12,3,0.1,466.06,466.06,1.0
249,E0250,CAMPAIGN_5,2024-09-06,0.49,0.19,2,0.26,310.67,310.67,0.39
250,E0251,CAMPAIGN_1,2024-09-07,0.55,0.26,4,0.26,257.52,257.52,0.47
251,E0252,CAMPAIGN_2,2024-09-08,0.51,0.27,4,0.16,382.03,382.03,0.53
252,E0253,CAMPAIGN_3,2024-09-09,0.39,0.22,3,0.25,157.37,157.37,0.56
253,E0254,CAMPAIGN_4,2024-09-10,0.34,0.07,4,0.02,313.97,313.97,0.21
254,E0255,CAMPAIGN_5,2024-09-11,0.47,0.34,2,0.16,285.59,285.59,0.72
255,E0256,CAMPAIGN_1,2024-09-12,0.28,0.34,1,0.15,401.54,401.54,1.21
256,E0257,CAMPAIGN_2,2024-09-13,0.12,0.06,4,0.1,231.9,231.9,0.5
257,E0258,CAMPAIGN_3,2024-09-14,0.34,0.33,0,0.17,340.93,340.93,0.97
258,E0259,CAMPAIGN_4,2024-09-15,0.37,0.09,2,0.13,459.32,459.32,0.24
259,E0260,CAMPAIGN_5,2024-09-16,0.56,0.31,3,0.29,225.11,225.11,0.55
260,E0261,CAMPAIGN_1,2024-09-17,0.22,0.18,1,0.13,280.3,280.3,0.82
261,E0262,CAMPAIGN_2,2024-09-18,0.41,0.06,4,0.26,325.03,325.03,0.15
262,E0263,CAMPAIGN_3,2024-09-19,0.12,0.1,1,0.26,363.48,363.48,0.83
263,E0264,CAMPAIGN_4,2024-09-20,0.39,0.36,2,0.13,307.21,307.21,0.92
264,E0265,CAMPAIGN_5,2024-09-21,0.33,0.23,3,0.16,319.43,319.43,0.7
265,E0266,CAMPAIGN_1,2024-09-22,0.45,0.28,0,0.17,422.94,422.94,0.62
266,E0267,CAMPAIGN_2,2024-09-23,0.31,0.16,4,0.19,404.4,404.4,0.52
267,E0268,CAMPAIGN_3,2024-09-24,0.29,0.39,0,0.06,417.1,417.1,1.34
268,E0269,CAMPAIGN_4,2024-09-25,0.18,0.39,3,0.07,447.3,447.3,2.17
269,E0270,CAMPAIGN_5,2024-09-26,0.22,0.14,4,0.17,177.86,177.86,0.64
270,E0271,CAMPAIGN_1,2024-09-27,0.32,0.18,0,0.16,212.54,212.54,0.56
271,E0272,CAMPAIGN_2,2024-09-28,0.33,0.17,0,0.22,145.54,145.54,0.52
272,E0273,CAMPAIGN_3,2024-09-29,0.48,0.3,0,0.03,338.74,338.74,0.62
273,E0274,CAMPAIGN_4,2024-09-30,0.21,0.38,1,0.19,180.72,180.72,1.81
274,E0275,CAMPAIGN_5,2024-10-01,0.5,0.17,2,0.17,146.38,146.38,0.34
275,E0276,CAMPAIGN_1,2024-10-02,0.38,0.27,4,0.08,229.88,229.88,0.71
276,E0277,CAMPAIGN_2,2024-10-03,0.14,0.19,3,0.02,391.45,391.45,1.36
277,E0278,CAMPAIGN_3,2024-10-04,0.49,0.35,2,0.1,16.9,16.9,0.71
278,E0279,CAMPAIGN_4,2024-10-05,0.18,0.23,1,0.08,121.74,121.74,1.28
279,E0280,CAMPAIGN_5,2024-10-06,0.49,0.27,2,0.29,391.61,391.61,0.55
280,E0281,CAMPAIGN_1,2024-10-07,0.56,0.25,4,0.17,431.82,431.82,0.45
281,E0282,CAMPAIGN_2,2024-10-08,0.36,0.08,3,0.05,152.4,152.4,0.22
282,E0283,CAMPAIGN_3,2024-10-09,0.35,0.12,3,0.21,108.19,108.19,0.34
283,E0284,CAMPAIGN_4,2024-10-10,0.42,0.26,0,0.2,55.76,55.76,0.62
284,E0285,CAMPAIGN_5,2024-10-11,0.37,0.11,4,0.11,302.64,302.64,0.3
285,E0286,CAMPAIGN_1,2024-10-12,0.53,0.16,4,0.17,204.77,204.77,0.3
286,E0287,CAMPAIGN_2,2024-10-13,0.34,0.39,0,0.22,325.67,325.67,1.15
287,E0288,CAMPAIGN_3,2024-10-14,0.2,0.22,1,0.12,298.82,298.82,1.1
288,E0289,CAMPAIGN_4,2024-10-15,0.37,0.26,4,0.2,376.44,376.44,0.7
289,E0290,CAMPAIGN_5,2024-10-16,0.36,0.21,0,0.19,90.53,90.53,0.58
290,E0291,CAMPAIGN_1,2024-10-17,0.45,0.2,3,0.28,90.61,90.61,0.44
291,E0292,CAMPAIGN_2,2024-10-18,0.26,0.35,2,0.19,32.2,32.2,1.35
292,E0293,CAMPAIGN_3,2024-10-19,0.34,0.16,2,0.22,372.33,372.33,0.47
293,E0294,CAMPAIGN_4,2024-10-20,0.21,0.39,3,0.05,31.92,31.92,1.86
294,E0295,CAMPAIGN_5,2024-10-21,0.38,0.24,3,0.04,27.7,27.7,0.63
295,E0296,CAMPAIGN_1,2024-10-22,0.33,0.37,4,0.09,128.9,128.9,1.12
296,E0297,CAMPAIGN_2,2024-10-23,0.42,0.21,1,0.2,459.56,459.56,0.5
297,E0298,CAMPAIGN_3,2024-10-24,0.6,0.23,3,0.22,249.22,249.22,0.38
298,E0299,CAMPAIGN_4,2024-10-25,0.16,0.08,1,0.28,332.35,332.35,0.5
299,E0300,CAMPAIGN_5,2024-10-26,0.54,0.27,0,0.17,184.28,184.28,0.5
300,E0301,CAMPAIGN_1,2024-10-27,0.4,0.27,4,0.15,134.08,134.08,0.68
301,E0302,CAMPAIGN_2,2024-10-28,0.23,0.23,0,0.19,237.04,237.04,1.0
302,E0303,CAMPAIGN_3,2024-10-29,0.14,0.23,2,0.27,389.9,389.9,1.64
303,E0304,CAMPAIGN_4,2024-10-30,0.39,0.23,3,0.02,302.39,302.39,0.59
304,E0305,CAMPAIGN_5,2024-10-31,0.24,0.1,4,0.14,260.96,260.96,0.42
305,E0306,CAMPAIGN_1,2024-11-01,0.22,0.25,4,0.1,475.52,475.52,1.14
306,E0307,CAMPAIGN_2,2024-11-02,0.39,0.36,0,0.1,371.16,371.16,0.92
307,E0308,CAMPAIGN_3,2024-11-03,0.1,0.28,1,0.07,256.02,256.02,2.8
308,E0309,CAMPAIGN_4,2024-11-04,0.53,0.2,3,0.12,496.34,496.34,0.38
309,E0310,CAMPAIGN_5,2024-11-05,0.32,0.22,0,0.18,466.08,466.08,0.69
310,E0311,CAMPAIGN_1,2024-11-06,0.11,0.36,2,0.07,439.76,439.76,3.27
311,E0312,CAMPAIGN_2,2024-11-07,0.14,0.14,2,0.06,487.82,487.82,1.0
312,E0313,CAMPAIGN_3,2024-11-08,0.55,0.14,3,0.25,151.67,151.67,0.25
313,E0314,CAMPAIGN_4,2024-11-09,0.2,0.4,2,0.09,172.63,172.63,2.0
314,E0315,CAMPAIGN_5,2024-11-10,0.49,0.12,3,0.14,41.41,41.41,0.24
315,E0316,CAMPAIGN_1,2024-11-11,0.34,0.14,2,0.07,159.68,159.68,0.41
316,E0317,CAMPAIGN_2,2024-11-12,0.3,0.06,1,0.24,236.26,236.26,0.2
317,E0318,CAMPAIGN_3,2024-11-13,0.51,0.31,4,0.06,330.91,330.91,0.61
318,E0319,CAMPAIGN_4,2024-11-14,0.21,0.29,0,0.06,449.44,449.44,1.38
319,E0320,CAMPAIGN_5,2024-11-15,0.3,0.25,4,0.24,80.85,80.85,0.83
320,E0321,CAMPAIGN_1,2024-11-16,0.35,0.27,0,0.16,468.22,468.22,0.77
321,E0322,CAMPAIGN_2,2024-11-17,0.48,0.15,3,0.02,45.81,45.81,0.31
322,E0323,CAMPAIGN_3,2024-11-18,0.32,0.11,2,0.17,63.9,63.9,0.34
323,E0324,CAMPAIGN_4,2024-11-19,0.37,0.36,4,0.27,271.7,271.7,0.97
324,E0325,CAMPAIGN_5,2024-11-20,0.23,0.3,4,0.02,96.32,96.32,1.3
325,E0326,CAMPAIGN_1,2024-11-21,0.39,0.36,2,0.05,396.53,396.53,0.92
326,E0327,CAMPAIGN_2,2024-11-22,0.5,0.11,4,0.17,199.23,199.23,0.22
327,E0328,CAMPAIGN_3,2024-11-23,0.43,0.13,3,0.2,258.09,258.09,0.3
328,E0329,CAMPAIGN_4,2024-11-24,0.58,0.1,4,0.02,142.6,142.6,0.17
329,E0330,CAMPAIGN_5,2024-11-25,0.12,0.16,3,0.06,422.12,422.12,1.33
330,E0331,CAMPAIGN_1,2024-11-26,0.37,0.29,1,0.14,165.15,165.15,0.78
331,E0332,CAMPAIGN_2,2024-11-27,0.51,0.14,1,0.21,49.63,49.63,0.27
332,E0333,CAMPAIGN_3,2024-11-28,0.43,0.15,1,0.01,88.22,88.22,0.35
333,E0334,CAMPAIGN_4,2024-11-29,0.52,0.21,2,0.26,367.62,367.62,0.4
334,E0335,CAMPAIGN_5,2024-11-30,0.36,0.15,3,0.14,177.42,177.42,0.42
335,E0336,CAMPAIGN_1,2024-12-01,0.15,0.39,2,0.01,469.89,469.89,2.6
336,E0337,CAMPAIGN_2,2024-12-02,0.6,0.29,0,0.14,77.84,77.84,0.48
337,E0338,CAMPAIGN_3,2024-12-03,0.18,0.28,0,0.23,186.02,186.02,1.56
338,E0339,CAMPAIGN_4,2024-12-04,0.27,0.09,1,0.01,198.73,198.73,0.33
339,E0340,CAMPAIGN_5,2024-12-05,0.42,0.05,2,0.04,304.45,304.45,0.12
340,E0341,CAMPAIGN_1,2024-12-06,0.53,0.2,1,0.15,123.23,123.23,0.38
341,E0342,CAMPAIGN_2,2024-12-07,0.2,0.08,0,0.07,143.39,143.39,0.4
342,E0343,CAMPAIGN_3,2024-12-08,0.42,0.11,0,0.09,144.19,144.19,0.26
343,E0344,CAMPAIGN_4,2024-12-09,0.35,0.33,3,0.16,493.57,493.57,0.94
344,E0345,CAMPAIGN_5,2024-12-10,0.29,0.22,2,0.02,281.85,281.85,0.76
345,E0346,CAMPAIGN_1,2024-12-11,0.58,0.37,4,0.23,312.91,312.91,0.64
346,E0347,CAMPAIGN_2,2024-12-12,0.36,0.23,1,0.17,260.66,260.66,0.64
347,E0348,CAMPAIGN_3,2024-12-13,0.52,0.05,4,0.02,343.91,343.91,0.1
348,E0349,CAMPAIGN_4,2024-12-14,0.21,0.16,1,0.28,144.07,144.07,0.76
349,E0350,CAMPAIGN_5,2024-12-15,0.45,0.23,4,0.12,365.34,365.34,0.51
350,E0351,CAMPAIGN_1,2024-12-16,0.53,0.1,2,0.16,394.42,394.42,0.19
351,E0352,CAMPAIGN_2,2024-12-17,0.27,0.05,3,0.21,182.7,182.7,0.19
352,E0353,CAMPAIGN_3,2024-12-18,0.39,0.37,1,0.17,76.56,76.56,0.95
353,E0354,CAMPAIGN_4,2024-12-19,0.47,0.26,4,0.04,334.63,334.63,0.55
354,E0355,CAMPAIGN_5,2024-12-20,0.11,0.24,2,0.27,322.66,322.66,2.18
355,E0356,CAMPAIGN_1,2024-12-21,0.6,0.38,1,0.26,270.84,270.84,0.63
356,E0357,CAMPAIGN_2,2024-12-22,0.36,0.33,0,0.02,296.84,296.84,0.92
357,E0358,CAMPAIGN_3,2024-12-23,0.41,0.4,1,0.12,223.43,223.43,0.98
358,E0359,CAMPAIGN_4,2024-12-24,0.59,0.31,4,0.06,26.41,26.41,0.53
359,E0360,CAMPAIGN_5,2024-12-25,0.28,0.11,2,0.29,207.61,207.61,0.39
360,E0361,CAMPAIGN_1,2024-12-26,0.44,0.19,1,0.21,182.3,182.3,0.43
361,E0362,CAMPAIGN_2,2024-12-27,0.53,0.35,0,0.29,363.63,363.63,0.66
362,E0363,CAMPAIGN_3,2024-12-28,0.13,0.32,0,0.05,331.76,331.76,2.46
363,E0364,CAMPAIGN_4,2024-12-29,0.26,0.12,1,0.18,324.5,324.5,0.46
364,E0365,CAMPAIGN_5,2024-12-30,0.28,0.26,4,0.25,100.83,100.83,0.93
365,E0366,CAMPAIGN_1,2024-12-31,0.53,0.1,4,0.07,244.5,244.5,0.19
366,E0367,CAMPAIGN_2,2025-01-01,0.51,0.13,4,0.02,496.13,496.13,0.25
367,E0368,CAMPAIGN_3,2025-01-02,0.13,0.25,4,0.27,443.74,443.74,1.92
368,E0369,CAMPAIGN_4,2025-01-03,0.54,0.26,2,0.19,277.96,277.96,0.48
369,E0370,CAMPAIGN_5,2025-01-04,0.53,0.14,4,0.05,334.4,334.4,0.26
370,E0371,CAMPAIGN_1,2025-01-05,0.53,0.29,2,0.01,254.71,254.71,0.55
371,E0372,CAMPAIGN_2,2025-01-06,0.35,0.13,0,0.15,36.22,36.22,0.37
372,E0373,CAMPAIGN_3,2025-01-07,0.53,0.22,4,0.07,282.52,282.52,0.42
373,E0374,CAMPAIGN_4,2025-01-08,0.52,0.06,4,0.14,347.39,347.39,0.12
374,E0375,CAMPAIGN_5,2025-01-09,0.37,0.27,3,0.02,327.59,327.59,0.73
375,E0376,CAMPAIGN_1,2025-01-10,0.47,0.36,1,0.19,381.95,381.95,0.77
376,E0377,CAMPAIGN_2,2025-01-11,0.49,0.31,3,0.11,216.15,216.15,0.63
377,E0378,CAMPAIGN_3,2025-01-12,0.12,0.39,1,0.04,228.03,228.03,3.25
378,E0379,CAMPAIGN_4,2025-01-13,0.38,0.33,1,0.17,353.42,353.42,0.87
379,E0380,CAMPAIGN_5,2025-01-14,0.6,0.35,4,0.13,154.64,154.64,0.58
380,E0381,CAMPAIGN_1,2025-01-15,0.16,0.09,4,0.11,354.96,354.96,0.56
381,E0382,CAMPAIGN_2,2025-01-16,0.35,0.35,4,0.18,237.99,237.99,1.0
382,E0383,CAMPAIGN_3,2025-01-17,0.59,0.27,2,0.27,212.3,212.3,0.46
383,E0384,CAMPAIGN_4,2025-01-18,0.23,0.31,0,0.17,53.34,53.34,1.35
384,E0385,CAMPAIGN_5,2025-01-19,0.17,0.27,0,0.27,427.6,427.6,1.59
385,E0386,CAMPAIGN_1,2025-01-20,0.45,0.09,0,0.24,354.34,354.34,0.2
386,E0387,CAMPAIGN_2,2025-01-21,0.45,0.1,4,0.29,286.26,286.26,0.22
387,E0388,CAMPAIGN_3,2025-01-22,0.13,0.16,1,0.16,315.14,315.14,1.23
388,E0389,CAMPAIGN_4,2025-01-23,0.28,0.18,1,0.13,18.09,18.09,0.64
389,E0390,CAMPAIGN_5,2025-01-24,0.21,0.14,0,0.3,144.79,144.79,0.67
390,E0391,CAMPAIGN_1,2025-01-25,0.35,0.36,2,0.23,101.73,101.73,1.03
391,E0392,CAMPAIGN_2,2025-01-26,0.46,0.31,4,0.25,152.36,152.36,0.67
392,E0393,CAMPAIGN_3,2025-01-27,0.11,0.17,2,0.22,49.81,49.81,1.55
393,E0394,CAMPAIGN_4,2025-01-28,0.33,0.28,3,0.16,177.86,177.86,0.85
394,E0395,CAMPAIGN_5,2025-01-29,0.43,0.3,0,0.25,238.42,238.42,0.7
395,E0396,CAMPAIGN_1,2025-01-30,0.19,0.18,1,0.22,382.0,382.0,0.95
396,E0397,CAMPAIGN_2,2025-01-31,0.33,0.07,4,0.24,69.52,69.52,0.21
397,E0398,CAMPAIGN_3,2025-02-01,0.43,0.26,1,0.18,120.57,120.57,0.6
398,E0399,CAMPAIGN_4,2025-02-02,0.25,0.12,1,0.2,281.93,281.93,0.48
399,E0400,CAMPAIGN_5,2025-02-03,0.43,0.28,2,0.02,19.02,19.02,0.65
400,E0401,CAMPAIGN_1,2025-02-04,0.31,0.21,2,0.23,79.31,79.31,0.68
401,E0402,CAMPAIGN_2,2025-02-05,0.41,0.09,3,0.04,157.97,157.97,0.22
402,E0403,CAMPAIGN_3,2025-02-06,0.22,0.21,2,0.19,322.88,322.88,0.95
403,E0404,CAMPAIGN_4,2025-02-07,0.32,0.25,2,0.2,75.82,75.82,0.78
404,E0405,CAMPAIGN_5,2025-02-08,0.27,0.16,3,0.14,47.24,47.24,0.59
405,E0406,CAMPAIGN_1,2025-02-09,0.29,0.11,2,0.02,221.21,221.21,0.38
406,E0407,CAMPAIGN_2,2025-02-10,0.22,0.37,4,0.28,22.88,22.88,1.68
407,E0408,CAMPAIGN_3,2025-02-11,0.13,0.13,2,0.28,363.45,363.45,1.0
408,E0409,CAMPAIGN_4,2025-02-12,0.43,0.24,1,0.25,194.69,194.69,0.56
409,E0410,CAMPAIGN_5,2025-02-13,0.41,0.06,3,0.25,324.53,324.53,0.15
410,E0411,CAMPAIGN_1,2025-02-14,0.23,0.21,0,0.18,285.68,285.68,0.91
411,E0412,CAMPAIGN_2,2025-02-15,0.11,0.32,3,0.11,310.23,310.23,2.91
412,E0413,CAMPAIGN_3,2025-02-16,0.26,0.19,2,0.24,327.83,327.83,0.73
413,E0414,CAMPAIGN_4,2025-02-17,0.42,0.22,1,0.29,214.86,214.86,0.52
414,E0415,CAMPAIGN_5,2025-02-18,0.17,0.38,3,0.22,132.83,132.83,2.24
415,E0416,CAMPAIGN_1,2025-02-19,0.57,0.06,1,0.09,60.61,60.61,0.11
416,E0417,CAMPAIGN_2,2025-02-20,0.52,0.14,2,0.25,421.84,421.84,0.27
417,E0418,CAMPAIGN_3,2025-02-21,0.58,0.13,2,0.1,247.73,247.73,0.22
418,E0419,CAMPAIGN_4,2025-02-22,0.26,0.13,3,0.23,149.7,149.7,0.5
419,E0420,CAMPAIGN_5,2025-02-23,0.27,0.19,4,0.21,446.59,446.59,0.7
420,E0421,CAMPAIGN_1,2025-02-24,0.46,0.16,3,0.27,67.77,67.77,0.35
421,E0422,CAMPAIGN_2,2025-02-25,0.1,0.34,3,0.29,325.75,325.75,3.4
422,E0423,CAMPAIGN_3,2025-02-26,0.14,0.35,0,0.22,305.4,305.4,2.5
423,E0424,CAMPAIGN_4,2025-02-27,0.33,0.23,1,0.12,76.99,76.99,0.7
424,E0425,CAMPAIGN_5,2025-02-28,0.2,0.16,3,0.01,215.0,215.0,0.8
425,E0426,CAMPAIGN_1,2025-03-01,0.26,0.07,2,0.12,268.74,268.74,0.27
426,E0427,CAMPAIGN_2,2025-03-02,0.21,0.14,4,0.13,124.57,124.57,0.67
427,E0428,CAMPAIGN_3,2025-03-03,0.23,0.12,2,0.02,480.36,480.36,0.52
428,E0429,CAMPAIGN_4,2025-03-04,0.19,0.29,1,0.09,338.3,338.3,1.53
429,E0430,CAMPAIGN_5,2025-03-05,0.24,0.29,3,0.04,130.04,130.04,1.21
430,E0431,CAMPAIGN_1,2025-03-06,0.48,0.31,2,0.09,462.11,462.11,0.65
431,E0432,CAMPAIGN_2,2025-03-07,0.28,0.08,4,0.18,199.61,199.61,0.29
432,E0433,CAMPAIGN_3,2025-03-08,0.52,0.13,2,0.27,165.82,165.82,0.25
433,E0434,CAMPAIGN_4,2025-03-09,0.15,0.1,1,0.06,166.13,166.13,0.67
434,E0435,CAMPAIGN_5,2025-03-10,0.24,0.16,4,0.1,263.43,263.43,0.67
435,E0436,CAMPAIGN_1,2025-03-11,0.36,0.12,1,0.04,390.8,390.8,0.33
436,E0437,CAMPAIGN_2,2025-03-12,0.6,0.27,0,0.17,204.26,204.26,0.45
437,E0438,CAMPAIGN_3,2025-03-13,0.29,0.09,2,0.07,224.31,224.31,0.31
438,E0439,CAMPAIGN_4,2025-03-14,0.57,0.13,3,0.05,400.71,400.71,0.23
439,E0440,CAMPAIGN_5,2025-03-15,0.6,0.24,3,0.17,491.58,491.58,0.4
440,E0441,CAMPAIGN_1,2025-03-16,0.6,0.33,3,0.24,33.93,33.93,0.55
441,E0442,CAMPAIGN_2,2025-03-17,0.5,0.18,1,0.13,297.51,297.51,0.36
442,E0443,CAMPAIGN_3,2025-03-18,0.23,0.34,1,0.04,75.52,75.52,1.48
443,E0444,CAMPAIGN_4,2025-03-19,0.22,0.19,1,0.09,224.53,224.53,0.86
444,E0445,CAMPAIGN_5,2025-03-20,0.28,0.1,3,0.08,178.28,178.28,0.36
445,E0446,CAMPAIGN_1,2025-03-21,0.42,0.14,3,0.1,87.95,87.95,0.33
446,E0447,CAMPAIGN_2,2025-03-22,0.51,0.39,3,0.2,332.54,332.54,0.76
447,E0448,CAMPAIGN_3,2025-03-23,0.43,0.3,1,0.09,53.87,53.87,0.7
448,E0449,CAMPAIGN_4,2025-03-24,0.34,0.09,0,0.17,276.12,276.12,0.26
449,E0450,CAMPAIGN_5,2025-03-25,0.31,0.3,1,0.06,250.83,250.83,0.97
450,E0451,CAMPAIGN_1,2025-03-26,0.34,0.37,4,0.17,482.36,482.36,1.09
451,E0452,CAMPAIGN_2,2025-03-27,0.49,0.19,0,0.11,397.24,397.24,0.39
452,E0453,CAMPAIGN_3,2025-03-28,0.36,0.09,2,0.23,232.15,232.15,0.25
453,E0454,CAMPAIGN_4,2025-03-29,0.39,0.13,0,0.29,94.71,94.71,0.33
454,E0455,CAMPAIGN_5,2025-03-30,0.32,0.34,0,0.1,415.27,415.27,1.06
455,E0456,CAMPAIGN_1,2025-03-31,0.12,0.38,4,0.28,253.77,253.77,3.17
456,E0457,CAMPAIGN_2,2025-04-01,0.34,0.08,2,0.11,66.62,66.62,0.24
457,E0458,CAMPAIGN_3,2025-04-02,0.23,0.08,2,0.03,399.06,399.06,0.35
458,E0459,CAMPAIGN_4,2025-04-03,0.52,0.36,0,0.18,34.56,34.56,0.69
459,E0460,CAMPAIGN_5,2025-04-04,0.2,0.13,3,0.03,418.9,418.9,0.65
460,E0461,CAMPAIGN_1,2025-04-05,0.41,0.25,0,0.3,65.53,65.53,0.61
461,E0462,CAMPAIGN_2,2025-04-06,0.43,0.32,0,0.08,24.62,24.62,0.74
462,E0463,CAMPAIGN_3,2025-04-07,0.33,0.29,0,0.21,68.56,68.56,0.88
463,E0464,CAMPAIGN_4,2025-04-08,0.12,0.15,0,0.28,189.53,189.53,1.25
464,E0465,CAMPAIGN_5,2025-04-09,0.27,0.13,2,0.25,398.03,398.03,0.48
465,E0466,CAMPAIGN_1,2025-04-10,0.19,0.18,3,0.29,491.72,491.72,0.95
466,E0467,CAMPAIGN_2,2025-04-11,0.43,0.07,0,0.08,117.51,117.51,0.16
467,E0468,CAMPAIGN_3,2025-04-12,0.15,0.29,0,0.1,49.46,49.46,1.93
468,E0469,CAMPAIGN_4,2025-04-13,0.4,0.09,0,0.09,82.76,82.76,0.22
469,E0470,CAMPAIGN_5,2025-04-14,0.16,0.32,4,0.02,483.15,483.15,2.0
470,E0471,CAMPAIGN_1,2025-04-15,0.58,0.4,1,0.09,400.72,400.72,0.69
471,E0472,CAMPAIGN_2,2025-04-16,0.51,0.24,3,0.07,184.89,184.89,0.47
472,E0473,CAMPAIGN_3,2025-04-17,0.38,0.08,2,0.13,423.61,423.61,0.21
473,E0474,CAMPAIGN_4,2025-04-18,0.3,0.2,4,0.22,479.27,479.27,0.67
474,E0475,CAMPAIGN_5,2025-04-19,0.3,0.23,3,0.3,486.47,486.47,0.77
475,E0476,CAMPAIGN_1,2025-04-20,0.22,0.07,0,0.16,128.76,128.76,0.32
476,E0477,CAMPAIGN_2,2025-04-21,0.28,0.29,2,0.01,355.37,355.37,1.04
477,E0478,CAMPAIGN_3,2025-04-22,0.4,0.1,2,0.04,394.2,394.2,0.25
478,E0479,CAMPAIGN_4,2025-04-23,0.16,0.1,4,0.2,342.15,342.15,0.62
479,E0480,CAMPAIGN_5,2025-04-24,0.31,0.3,2,0.01,72.55,72.55,0.97
480,E0481,CAMPAIGN_1,2025-04-25,0.39,0.09,1,0.09,293.16,293.16,0.23
481,E0482,CAMPAIGN_2,2025-04-26,0.29,0.22,1,0.04,337.38,337.38,0.76
482,E0483,CAMPAIGN_3,2025-04-27,0.18,0.14,3,0.24,176.85,176.85,0.78
483,E0484,CAMPAIGN_4,2025-04-28,0.53,0.39,2,0.29,209.35,209.35,0.74
484,E0485,CAMPAIGN_5,2025-04-29,0.15,0.23,4,0.18,32.4,32.4,1.53
485,E0486,CAMPAIGN_1,2025-04-30,0.54,0.25,1,0.24,290.29,290.29,0.46
486,E0487,CAMPAIGN_2,2025-05-01,0.36,0.09,4,0.2,18.41,18.41,0.25
487,E0488,CAMPAIGN_3,2025-05-02,0.12,0.11,4,0.15,122.44,122.44,0.92
488,E0489,CAMPAIGN_4,2025-05-03,0.24,0.39,1,0.02,392.68,392.68,1.63
489,E0490,CAMPAIGN_5,2025-05-04,0.36,0.14,3,0.23,385.11,385.11,0.39
490,E0491,CAMPAIGN_1,2025-05-05,0.42,0.29,3,0.2,382.83,382.83,0.69
491,E0492,CAMPAIGN_2,2025-05-06,0.4,0.11,2,0.16,116.51,116.51,0.27
492,E0493,CAMPAIGN_3,2025-05-07,0.34,0.38,0,0.14,299.3,299.3,1.12
493,E0494,CAMPAIGN_4,2025-05-08,0.29,0.31,3,0.08,218.88,218.88,1.07
494,E0495,CAMPAIGN_5,2025-05-09,0.19,0.3,0,0.26,239.86,239.86,1.58
495,E0496,CAMPAIGN_1,2025-05-10,0.44,0.18,2,0.07,117.32,117.32,0.41
496,E0497,CAMPAIGN_2,2025-05-11,0.14,0.39,2,0.15,27.67,27.67,2.79
497,E0498,CAMPAIGN_3,2025-05-12,0.27,0.19,4,0.2,358.2,358.2,0.7
498,E0499,CAMPAIGN_4,2025-05-13,0.22,0.08,4,0.05,370.53,370.53,0.36
499,E0500,CAMPAIGN_5,2025-05-14,0.56,0.37,3,0.28,130.0,130.0,0.66
